{"train_loss": 2.9502768516540527, "train_act_mse": 2.9502768516540527, "train_act_r2": 1.5375771522521973, "epoch": 0, "trainer/global_step": 7299, "_timestamp": 1663774509, "_runtime": 456, "_step": 145}