{"train_loss": 1.6755688190460205, "train_act_mse": 1.6755688190460205, "train_act_r2": 0.8732456564903259, "epoch": 0, "trainer/global_step": 499, "_timestamp": 1663774560, "_runtime": 40, "_step": 9}